{"ContentRoots":["C:\\Users\\Dell\\Source\\Repos\\Intellistaff.Applicants\\TemPositions.IntelliStaff\\src\\TemPositions.IntelliStaff.Web\\wwwroot\\"],"Root":{"Children":{"css":{"Children":{"site.css":{"Children":null,"Asset":{"ContentRootIndex":0,"SubPath":"css/site.css"},"Patterns":null}},"Asset":null,"Patterns":null},"favicon.ico":{"Children":null,"Asset":{"ContentRootIndex":0,"SubPath":"favicon.ico"},"Patterns":null},"js":{"Children":{"site.js":{"Children":null,"Asset":{"ContentRootIndex":0,"SubPath":"js/site.js"},"Patterns":null}},"Asset":null,"Patterns":null},"lib":{"Children":{"bootstrap":{"Children":{"dist":{"Children":{"css":{"Children":{"bootstrap-grid.css":{"Children":null,"Asset":{"ContentRootIndex":0,"SubPath":"lib/bootstrap/dist/css/bootstrap-grid.css"},"Patterns":null},"bootstrap-grid.css.map":{"Children":null,"Asset":{"ContentRootIndex":0,"SubPath":"lib/bootstrap/dist/css/bootstrap-grid.css.map"},"Patterns":null},"bootstrap-grid.min.css":{"Children":null,"Asset":{"ContentRootIndex":0,"SubPath":"lib/bootstrap/dist/css/bootstrap-grid.min.css"},"Patterns":null},"bootstrap-grid.min.css.map":{"Children":null,"Asset":{"ContentRootIndex":0,"SubPath":"lib/bootstrap/dist/css/bootstrap-grid.min.css.map"},"Patterns":null},"bootstrap-reboot.css":{"Children":null,"Asset":{"ContentRootIndex":0,"SubPath":"lib/bootstrap/dist/css/bootstrap-reboot.css"},"Patterns":null},"bootstrap-reboot.css.map":{"Children":null,"Asset":{"ContentRootIndex":0,"SubPath":"lib/bootstrap/dist/css/bootstrap-reboot.css.map"},"Patterns":null},"bootstrap-reboot.min.css":{"Children":null,"Asset":{"ContentRootIndex":0,"SubPath":"lib/bootstrap/dist/css/bootstrap-reboot.min.css"},"Patterns":null},"bootstrap-reboot.min.css.map":{"Children":null,"Asset":{"ContentRootIndex":0,"SubPath":"lib/bootstrap/dist/css/bootstrap-reboot.min.css.map"},"Patterns":null},"bootstrap-theme.css":{"Children":null,"Asset":{"ContentRootIndex":0,"SubPath":"lib/bootstrap/dist/css/bootstrap-theme.css"},"Patterns":null},"bootstrap-theme.css.map":{"Children":null,"Asset":{"ContentRootIndex":0,"SubPath":"lib/bootstrap/dist/css/bootstrap-theme.css.map"},"Patterns":null},"bootstrap-theme.min.css":{"Children":null,"Asset":{"ContentRootIndex":0,"SubPath":"lib/bootstrap/dist/css/bootstrap-theme.min.css"},"Patterns":null},"bootstrap-theme.min.css.map":{"Children":null,"Asset":{"ContentRootIndex":0,"SubPath":"lib/bootstrap/dist/css/bootstrap-theme.min.css.map"},"Patterns":null},"bootstrap.css":{"Children":null,"Asset":{"ContentRootIndex":0,"SubPath":"lib/bootstrap/dist/css/bootstrap.css"},"Patterns":null},"bootstrap.css.map":{"Children":null,"Asset":{"ContentRootIndex":0,"SubPath":"lib/bootstrap/dist/css/bootstrap.css.map"},"Patterns":null},"bootstrap.min.css":{"Children":null,"Asset":{"ContentRootIndex":0,"SubPath":"lib/bootstrap/dist/css/bootstrap.min.css"},"Patterns":null},"bootstrap.min.css.map":{"Children":null,"Asset":{"ContentRootIndex":0,"SubPath":"lib/bootstrap/dist/css/bootstrap.min.css.map"},"Patterns":null}},"Asset":null,"Patterns":null},"fonts":{"Children":{"glyphicons-halflings-regular.eot":{"Children":null,"Asset":{"ContentRootIndex":0,"SubPath":"lib/bootstrap/dist/fonts/glyphicons-halflings-regular.eot"},"Patterns":null},"glyphicons-halflings-regular.svg":{"Children":null,"Asset":{"ContentRootIndex":0,"SubPath":"lib/bootstrap/dist/fonts/glyphicons-halflings-regular.svg"},"Patterns":null},"glyphicons-halflings-regular.ttf":{"Children":null,"Asset":{"ContentRootIndex":0,"SubPath":"lib/bootstrap/dist/fonts/glyphicons-halflings-regular.ttf"},"Patterns":null},"glyphicons-halflings-regular.woff":{"Children":null,"Asset":{"ContentRootIndex":0,"SubPath":"lib/bootstrap/dist/fonts/glyphicons-halflings-regular.woff"},"Patterns":null},"glyphicons-halflings-regular.woff2":{"Children":null,"Asset":{"ContentRootIndex":0,"SubPath":"lib/bootstrap/dist/fonts/glyphicons-halflings-regular.woff2"},"Patterns":null}},"Asset":null,"Patterns":null},"js":{"Children":{"bootstrap.bundle.js":{"Children":null,"Asset":{"ContentRootIndex":0,"SubPath":"lib/bootstrap/dist/js/bootstrap.bundle.js"},"Patterns":null},"bootstrap.bundle.js.map":{"Children":null,"Asset":{"ContentRootIndex":0,"SubPath":"lib/bootstrap/dist/js/bootstrap.bundle.js.map"},"Patterns":null},"bootstrap.bundle.min.js":{"Children":null,"Asset":{"ContentRootIndex":0,"SubPath":"lib/bootstrap/dist/js/bootstrap.bundle.min.js"},"Patterns":null},"bootstrap.bundle.min.js.map":{"Children":null,"Asset":{"ContentRootIndex":0,"SubPath":"lib/bootstrap/dist/js/bootstrap.bundle.min.js.map"},"Patterns":null},"bootstrap.js":{"Children":null,"Asset":{"ContentRootIndex":0,"SubPath":"lib/bootstrap/dist/js/bootstrap.js"},"Patterns":null},"bootstrap.js.map":{"Children":null,"Asset":{"ContentRootIndex":0,"SubPath":"lib/bootstrap/dist/js/bootstrap.js.map"},"Patterns":null},"bootstrap.min.js":{"Children":null,"Asset":{"ContentRootIndex":0,"SubPath":"lib/bootstrap/dist/js/bootstrap.min.js"},"Patterns":null},"bootstrap.min.js.map":{"Children":null,"Asset":{"ContentRootIndex":0,"SubPath":"lib/bootstrap/dist/js/bootstrap.min.js.map"},"Patterns":null},"npm.js":{"Children":null,"Asset":{"ContentRootIndex":0,"SubPath":"lib/bootstrap/dist/js/npm.js"},"Patterns":null}},"Asset":null,"Patterns":null}},"Asset":null,"Patterns":null},"LICENSE":{"Children":null,"Asset":{"ContentRootIndex":0,"SubPath":"lib/bootstrap/LICENSE"},"Patterns":null}},"Asset":null,"Patterns":null},"jquery-validation-unobtrusive":{"Children":{"jquery.validate.unobtrusive.js":{"Children":null,"Asset":{"ContentRootIndex":0,"SubPath":"lib/jquery-validation-unobtrusive/jquery.validate.unobtrusive.js"},"Patterns":null},"jquery.validate.unobtrusive.min.js":{"Children":null,"Asset":{"ContentRootIndex":0,"SubPath":"lib/jquery-validation-unobtrusive/jquery.validate.unobtrusive.min.js"},"Patterns":null},"LICENSE.txt":{"Children":null,"Asset":{"ContentRootIndex":0,"SubPath":"lib/jquery-validation-unobtrusive/LICENSE.txt"},"Patterns":null}},"Asset":null,"Patterns":null},"jquery-validation":{"Children":{"dist":{"Children":{"additional-methods.js":{"Children":null,"Asset":{"ContentRootIndex":0,"SubPath":"lib/jquery-validation/dist/additional-methods.js"},"Patterns":null},"additional-methods.min.js":{"Children":null,"Asset":{"ContentRootIndex":0,"SubPath":"lib/jquery-validation/dist/additional-methods.min.js"},"Patterns":null},"jquery.validate.js":{"Children":null,"Asset":{"ContentRootIndex":0,"SubPath":"lib/jquery-validation/dist/jquery.validate.js"},"Patterns":null},"jquery.validate.min.js":{"Children":null,"Asset":{"ContentRootIndex":0,"SubPath":"lib/jquery-validation/dist/jquery.validate.min.js"},"Patterns":null},"localization":{"Children":{"messages_ar.js":{"Children":null,"Asset":{"ContentRootIndex":0,"SubPath":"lib/jquery-validation/dist/localization/messages_ar.js"},"Patterns":null},"messages_ar.min.js":{"Children":null,"Asset":{"ContentRootIndex":0,"SubPath":"lib/jquery-validation/dist/localization/messages_ar.min.js"},"Patterns":null},"messages_ar.min.js.map":{"Children":null,"Asset":{"ContentRootIndex":0,"SubPath":"lib/jquery-validation/dist/localization/messages_ar.min.js.map"},"Patterns":null},"messages_az.js":{"Children":null,"Asset":{"ContentRootIndex":0,"SubPath":"lib/jquery-validation/dist/localization/messages_az.js"},"Patterns":null},"messages_az.min.js":{"Children":null,"Asset":{"ContentRootIndex":0,"SubPath":"lib/jquery-validation/dist/localization/messages_az.min.js"},"Patterns":null},"messages_az.min.js.map":{"Children":null,"Asset":{"ContentRootIndex":0,"SubPath":"lib/jquery-validation/dist/localization/messages_az.min.js.map"},"Patterns":null},"messages_bg.js":{"Children":null,"Asset":{"ContentRootIndex":0,"SubPath":"lib/jquery-validation/dist/localization/messages_bg.js"},"Patterns":null},"messages_bg.min.js":{"Children":null,"Asset":{"ContentRootIndex":0,"SubPath":"lib/jquery-validation/dist/localization/messages_bg.min.js"},"Patterns":null},"messages_bg.min.js.map":{"Children":null,"Asset":{"ContentRootIndex":0,"SubPath":"lib/jquery-validation/dist/localization/messages_bg.min.js.map"},"Patterns":null},"messages_bn_BD.js":{"Children":null,"Asset":{"ContentRootIndex":0,"SubPath":"lib/jquery-validation/dist/localization/messages_bn_BD.js"},"Patterns":null},"messages_bn_BD.min.js":{"Children":null,"Asset":{"ContentRootIndex":0,"SubPath":"lib/jquery-validation/dist/localization/messages_bn_BD.min.js"},"Patterns":null},"messages_bn_BD.min.js.map":{"Children":null,"Asset":{"ContentRootIndex":0,"SubPath":"lib/jquery-validation/dist/localization/messages_bn_BD.min.js.map"},"Patterns":null},"messages_ca.js":{"Children":null,"Asset":{"ContentRootIndex":0,"SubPath":"lib/jquery-validation/dist/localization/messages_ca.js"},"Patterns":null},"messages_ca.min.js":{"Children":null,"Asset":{"ContentRootIndex":0,"SubPath":"lib/jquery-validation/dist/localization/messages_ca.min.js"},"Patterns":null},"messages_ca.min.js.map":{"Children":null,"Asset":{"ContentRootIndex":0,"SubPath":"lib/jquery-validation/dist/localization/messages_ca.min.js.map"},"Patterns":null},"messages_cs.js":{"Children":null,"Asset":{"ContentRootIndex":0,"SubPath":"lib/jquery-validation/dist/localization/messages_cs.js"},"Patterns":null},"messages_cs.min.js":{"Children":null,"Asset":{"ContentRootIndex":0,"SubPath":"lib/jquery-validation/dist/localization/messages_cs.min.js"},"Patterns":null},"messages_cs.min.js.map":{"Children":null,"Asset":{"ContentRootIndex":0,"SubPath":"lib/jquery-validation/dist/localization/messages_cs.min.js.map"},"Patterns":null},"messages_da.js":{"Children":null,"Asset":{"ContentRootIndex":0,"SubPath":"lib/jquery-validation/dist/localization/messages_da.js"},"Patterns":null},"messages_da.min.js":{"Children":null,"Asset":{"ContentRootIndex":0,"SubPath":"lib/jquery-validation/dist/localization/messages_da.min.js"},"Patterns":null},"messages_da.min.js.map":{"Children":null,"Asset":{"ContentRootIndex":0,"SubPath":"lib/jquery-validation/dist/localization/messages_da.min.js.map"},"Patterns":null},"messages_de.js":{"Children":null,"Asset":{"ContentRootIndex":0,"SubPath":"lib/jquery-validation/dist/localization/messages_de.js"},"Patterns":null},"messages_de.min.js":{"Children":null,"Asset":{"ContentRootIndex":0,"SubPath":"lib/jquery-validation/dist/localization/messages_de.min.js"},"Patterns":null},"messages_de.min.js.map":{"Children":null,"Asset":{"ContentRootIndex":0,"SubPath":"lib/jquery-validation/dist/localization/messages_de.min.js.map"},"Patterns":null},"messages_el.js":{"Children":null,"Asset":{"ContentRootIndex":0,"SubPath":"lib/jquery-validation/dist/localization/messages_el.js"},"Patterns":null},"messages_el.min.js":{"Children":null,"Asset":{"ContentRootIndex":0,"SubPath":"lib/jquery-validation/dist/localization/messages_el.min.js"},"Patterns":null},"messages_el.min.js.map":{"Children":null,"Asset":{"ContentRootIndex":0,"SubPath":"lib/jquery-validation/dist/localization/messages_el.min.js.map"},"Patterns":null},"messages_es.js":{"Children":null,"Asset":{"ContentRootIndex":0,"SubPath":"lib/jquery-validation/dist/localization/messages_es.js"},"Patterns":null},"messages_es.min.js":{"Children":null,"Asset":{"ContentRootIndex":0,"SubPath":"lib/jquery-validation/dist/localization/messages_es.min.js"},"Patterns":null},"messages_es.min.js.map":{"Children":null,"Asset":{"ContentRootIndex":0,"SubPath":"lib/jquery-validation/dist/localization/messages_es.min.js.map"},"Patterns":null},"messages_es_AR.js":{"Children":null,"Asset":{"ContentRootIndex":0,"SubPath":"lib/jquery-validation/dist/localization/messages_es_AR.js"},"Patterns":null},"messages_es_AR.min.js":{"Children":null,"Asset":{"ContentRootIndex":0,"SubPath":"lib/jquery-validation/dist/localization/messages_es_AR.min.js"},"Patterns":null},"messages_es_AR.min.js.map":{"Children":null,"Asset":{"ContentRootIndex":0,"SubPath":"lib/jquery-validation/dist/localization/messages_es_AR.min.js.map"},"Patterns":null},"messages_es_PE.js":{"Children":null,"Asset":{"ContentRootIndex":0,"SubPath":"lib/jquery-validation/dist/localization/messages_es_PE.js"},"Patterns":null},"messages_es_PE.min.js":{"Children":null,"Asset":{"ContentRootIndex":0,"SubPath":"lib/jquery-validation/dist/localization/messages_es_PE.min.js"},"Patterns":null},"messages_es_PE.min.js.map":{"Children":null,"Asset":{"ContentRootIndex":0,"SubPath":"lib/jquery-validation/dist/localization/messages_es_PE.min.js.map"},"Patterns":null},"messages_et.js":{"Children":null,"Asset":{"ContentRootIndex":0,"SubPath":"lib/jquery-validation/dist/localization/messages_et.js"},"Patterns":null},"messages_et.min.js":{"Children":null,"Asset":{"ContentRootIndex":0,"SubPath":"lib/jquery-validation/dist/localization/messages_et.min.js"},"Patterns":null},"messages_et.min.js.map":{"Children":null,"Asset":{"ContentRootIndex":0,"SubPath":"lib/jquery-validation/dist/localization/messages_et.min.js.map"},"Patterns":null},"messages_eu.js":{"Children":null,"Asset":{"ContentRootIndex":0,"SubPath":"lib/jquery-validation/dist/localization/messages_eu.js"},"Patterns":null},"messages_eu.min.js":{"Children":null,"Asset":{"ContentRootIndex":0,"SubPath":"lib/jquery-validation/dist/localization/messages_eu.min.js"},"Patterns":null},"messages_eu.min.js.map":{"Children":null,"Asset":{"ContentRootIndex":0,"SubPath":"lib/jquery-validation/dist/localization/messages_eu.min.js.map"},"Patterns":null},"messages_fa.js":{"Children":null,"Asset":{"ContentRootIndex":0,"SubPath":"lib/jquery-validation/dist/localization/messages_fa.js"},"Patterns":null},"messages_fa.min.js":{"Children":null,"Asset":{"ContentRootIndex":0,"SubPath":"lib/jquery-validation/dist/localization/messages_fa.min.js"},"Patterns":null},"messages_fa.min.js.map":{"Children":null,"Asset":{"ContentRootIndex":0,"SubPath":"lib/jquery-validation/dist/localization/messages_fa.min.js.map"},"Patterns":null},"messages_fi.js":{"Children":null,"Asset":{"ContentRootIndex":0,"SubPath":"lib/jquery-validation/dist/localization/messages_fi.js"},"Patterns":null},"messages_fi.min.js":{"Children":null,"Asset":{"ContentRootIndex":0,"SubPath":"lib/jquery-validation/dist/localization/messages_fi.min.js"},"Patterns":null},"messages_fi.min.js.map":{"Children":null,"Asset":{"ContentRootIndex":0,"SubPath":"lib/jquery-validation/dist/localization/messages_fi.min.js.map"},"Patterns":null},"messages_fr.js":{"Children":null,"Asset":{"ContentRootIndex":0,"SubPath":"lib/jquery-validation/dist/localization/messages_fr.js"},"Patterns":null},"messages_fr.min.js":{"Children":null,"Asset":{"ContentRootIndex":0,"SubPath":"lib/jquery-validation/dist/localization/messages_fr.min.js"},"Patterns":null},"messages_fr.min.js.map":{"Children":null,"Asset":{"ContentRootIndex":0,"SubPath":"lib/jquery-validation/dist/localization/messages_fr.min.js.map"},"Patterns":null},"messages_ge.js":{"Children":null,"Asset":{"ContentRootIndex":0,"SubPath":"lib/jquery-validation/dist/localization/messages_ge.js"},"Patterns":null},"messages_ge.min.js":{"Children":null,"Asset":{"ContentRootIndex":0,"SubPath":"lib/jquery-validation/dist/localization/messages_ge.min.js"},"Patterns":null},"messages_ge.min.js.map":{"Children":null,"Asset":{"ContentRootIndex":0,"SubPath":"lib/jquery-validation/dist/localization/messages_ge.min.js.map"},"Patterns":null},"messages_gl.js":{"Children":null,"Asset":{"ContentRootIndex":0,"SubPath":"lib/jquery-validation/dist/localization/messages_gl.js"},"Patterns":null},"messages_gl.min.js":{"Children":null,"Asset":{"ContentRootIndex":0,"SubPath":"lib/jquery-validation/dist/localization/messages_gl.min.js"},"Patterns":null},"messages_gl.min.js.map":{"Children":null,"Asset":{"ContentRootIndex":0,"SubPath":"lib/jquery-validation/dist/localization/messages_gl.min.js.map"},"Patterns":null},"messages_he.js":{"Children":null,"Asset":{"ContentRootIndex":0,"SubPath":"lib/jquery-validation/dist/localization/messages_he.js"},"Patterns":null},"messages_he.min.js":{"Children":null,"Asset":{"ContentRootIndex":0,"SubPath":"lib/jquery-validation/dist/localization/messages_he.min.js"},"Patterns":null},"messages_he.min.js.map":{"Children":null,"Asset":{"ContentRootIndex":0,"SubPath":"lib/jquery-validation/dist/localization/messages_he.min.js.map"},"Patterns":null},"messages_hr.js":{"Children":null,"Asset":{"ContentRootIndex":0,"SubPath":"lib/jquery-validation/dist/localization/messages_hr.js"},"Patterns":null},"messages_hr.min.js":{"Children":null,"Asset":{"ContentRootIndex":0,"SubPath":"lib/jquery-validation/dist/localization/messages_hr.min.js"},"Patterns":null},"messages_hr.min.js.map":{"Children":null,"Asset":{"ContentRootIndex":0,"SubPath":"lib/jquery-validation/dist/localization/messages_hr.min.js.map"},"Patterns":null},"messages_hu.js":{"Children":null,"Asset":{"ContentRootIndex":0,"SubPath":"lib/jquery-validation/dist/localization/messages_hu.js"},"Patterns":null},"messages_hu.min.js":{"Children":null,"Asset":{"ContentRootIndex":0,"SubPath":"lib/jquery-validation/dist/localization/messages_hu.min.js"},"Patterns":null},"messages_hu.min.js.map":{"Children":null,"Asset":{"ContentRootIndex":0,"SubPath":"lib/jquery-validation/dist/localization/messages_hu.min.js.map"},"Patterns":null},"messages_hy_AM.js":{"Children":null,"Asset":{"ContentRootIndex":0,"SubPath":"lib/jquery-validation/dist/localization/messages_hy_AM.js"},"Patterns":null},"messages_hy_AM.min.js":{"Children":null,"Asset":{"ContentRootIndex":0,"SubPath":"lib/jquery-validation/dist/localization/messages_hy_AM.min.js"},"Patterns":null},"messages_hy_AM.min.js.map":{"Children":null,"Asset":{"ContentRootIndex":0,"SubPath":"lib/jquery-validation/dist/localization/messages_hy_AM.min.js.map"},"Patterns":null},"messages_id.js":{"Children":null,"Asset":{"ContentRootIndex":0,"SubPath":"lib/jquery-validation/dist/localization/messages_id.js"},"Patterns":null},"messages_id.min.js":{"Children":null,"Asset":{"ContentRootIndex":0,"SubPath":"lib/jquery-validation/dist/localization/messages_id.min.js"},"Patterns":null},"messages_id.min.js.map":{"Children":null,"Asset":{"ContentRootIndex":0,"SubPath":"lib/jquery-validation/dist/localization/messages_id.min.js.map"},"Patterns":null},"messages_is.js":{"Children":null,"Asset":{"ContentRootIndex":0,"SubPath":"lib/jquery-validation/dist/localization/messages_is.js"},"Patterns":null},"messages_is.min.js":{"Children":null,"Asset":{"ContentRootIndex":0,"SubPath":"lib/jquery-validation/dist/localization/messages_is.min.js"},"Patterns":null},"messages_is.min.js.map":{"Children":null,"Asset":{"ContentRootIndex":0,"SubPath":"lib/jquery-validation/dist/localization/messages_is.min.js.map"},"Patterns":null},"messages_it.js":{"Children":null,"Asset":{"ContentRootIndex":0,"SubPath":"lib/jquery-validation/dist/localization/messages_it.js"},"Patterns":null},"messages_it.min.js":{"Children":null,"Asset":{"ContentRootIndex":0,"SubPath":"lib/jquery-validation/dist/localization/messages_it.min.js"},"Patterns":null},"messages_it.min.js.map":{"Children":null,"Asset":{"ContentRootIndex":0,"SubPath":"lib/jquery-validation/dist/localization/messages_it.min.js.map"},"Patterns":null},"messages_ja.js":{"Children":null,"Asset":{"ContentRootIndex":0,"SubPath":"lib/jquery-validation/dist/localization/messages_ja.js"},"Patterns":null},"messages_ja.min.js":{"Children":null,"Asset":{"ContentRootIndex":0,"SubPath":"lib/jquery-validation/dist/localization/messages_ja.min.js"},"Patterns":null},"messages_ja.min.js.map":{"Children":null,"Asset":{"ContentRootIndex":0,"SubPath":"lib/jquery-validation/dist/localization/messages_ja.min.js.map"},"Patterns":null},"messages_ka.js":{"Children":null,"Asset":{"ContentRootIndex":0,"SubPath":"lib/jquery-validation/dist/localization/messages_ka.js"},"Patterns":null},"messages_ka.min.js":{"Children":null,"Asset":{"ContentRootIndex":0,"SubPath":"lib/jquery-validation/dist/localization/messages_ka.min.js"},"Patterns":null},"messages_ka.min.js.map":{"Children":null,"Asset":{"ContentRootIndex":0,"SubPath":"lib/jquery-validation/dist/localization/messages_ka.min.js.map"},"Patterns":null},"messages_kk.js":{"Children":null,"Asset":{"ContentRootIndex":0,"SubPath":"lib/jquery-validation/dist/localization/messages_kk.js"},"Patterns":null},"messages_kk.min.js":{"Children":null,"Asset":{"ContentRootIndex":0,"SubPath":"lib/jquery-validation/dist/localization/messages_kk.min.js"},"Patterns":null},"messages_kk.min.js.map":{"Children":null,"Asset":{"ContentRootIndex":0,"SubPath":"lib/jquery-validation/dist/localization/messages_kk.min.js.map"},"Patterns":null},"messages_ko.js":{"Children":null,"Asset":{"ContentRootIndex":0,"SubPath":"lib/jquery-validation/dist/localization/messages_ko.js"},"Patterns":null},"messages_ko.min.js":{"Children":null,"Asset":{"ContentRootIndex":0,"SubPath":"lib/jquery-validation/dist/localization/messages_ko.min.js"},"Patterns":null},"messages_ko.min.js.map":{"Children":null,"Asset":{"ContentRootIndex":0,"SubPath":"lib/jquery-validation/dist/localization/messages_ko.min.js.map"},"Patterns":null},"messages_lt.js":{"Children":null,"Asset":{"ContentRootIndex":0,"SubPath":"lib/jquery-validation/dist/localization/messages_lt.js"},"Patterns":null},"messages_lt.min.js":{"Children":null,"Asset":{"ContentRootIndex":0,"SubPath":"lib/jquery-validation/dist/localization/messages_lt.min.js"},"Patterns":null},"messages_lt.min.js.map":{"Children":null,"Asset":{"ContentRootIndex":0,"SubPath":"lib/jquery-validation/dist/localization/messages_lt.min.js.map"},"Patterns":null},"messages_lv.js":{"Children":null,"Asset":{"ContentRootIndex":0,"SubPath":"lib/jquery-validation/dist/localization/messages_lv.js"},"Patterns":null},"messages_lv.min.js":{"Children":null,"Asset":{"ContentRootIndex":0,"SubPath":"lib/jquery-validation/dist/localization/messages_lv.min.js"},"Patterns":null},"messages_lv.min.js.map":{"Children":null,"Asset":{"ContentRootIndex":0,"SubPath":"lib/jquery-validation/dist/localization/messages_lv.min.js.map"},"Patterns":null},"messages_mk.js":{"Children":null,"Asset":{"ContentRootIndex":0,"SubPath":"lib/jquery-validation/dist/localization/messages_mk.js"},"Patterns":null},"messages_mk.min.js":{"Children":null,"Asset":{"ContentRootIndex":0,"SubPath":"lib/jquery-validation/dist/localization/messages_mk.min.js"},"Patterns":null},"messages_mk.min.js.map":{"Children":null,"Asset":{"ContentRootIndex":0,"SubPath":"lib/jquery-validation/dist/localization/messages_mk.min.js.map"},"Patterns":null},"messages_my.js":{"Children":null,"Asset":{"ContentRootIndex":0,"SubPath":"lib/jquery-validation/dist/localization/messages_my.js"},"Patterns":null},"messages_my.min.js":{"Children":null,"Asset":{"ContentRootIndex":0,"SubPath":"lib/jquery-validation/dist/localization/messages_my.min.js"},"Patterns":null},"messages_my.min.js.map":{"Children":null,"Asset":{"ContentRootIndex":0,"SubPath":"lib/jquery-validation/dist/localization/messages_my.min.js.map"},"Patterns":null},"messages_nl.js":{"Children":null,"Asset":{"ContentRootIndex":0,"SubPath":"lib/jquery-validation/dist/localization/messages_nl.js"},"Patterns":null},"messages_nl.min.js":{"Children":null,"Asset":{"ContentRootIndex":0,"SubPath":"lib/jquery-validation/dist/localization/messages_nl.min.js"},"Patterns":null},"messages_nl.min.js.map":{"Children":null,"Asset":{"ContentRootIndex":0,"SubPath":"lib/jquery-validation/dist/localization/messages_nl.min.js.map"},"Patterns":null},"messages_no.js":{"Children":null,"Asset":{"ContentRootIndex":0,"SubPath":"lib/jquery-validation/dist/localization/messages_no.js"},"Patterns":null},"messages_no.min.js":{"Children":null,"Asset":{"ContentRootIndex":0,"SubPath":"lib/jquery-validation/dist/localization/messages_no.min.js"},"Patterns":null},"messages_no.min.js.map":{"Children":null,"Asset":{"ContentRootIndex":0,"SubPath":"lib/jquery-validation/dist/localization/messages_no.min.js.map"},"Patterns":null},"messages_pl.js":{"Children":null,"Asset":{"ContentRootIndex":0,"SubPath":"lib/jquery-validation/dist/localization/messages_pl.js"},"Patterns":null},"messages_pl.min.js":{"Children":null,"Asset":{"ContentRootIndex":0,"SubPath":"lib/jquery-validation/dist/localization/messages_pl.min.js"},"Patterns":null},"messages_pl.min.js.map":{"Children":null,"Asset":{"ContentRootIndex":0,"SubPath":"lib/jquery-validation/dist/localization/messages_pl.min.js.map"},"Patterns":null},"messages_pt_BR.js":{"Children":null,"Asset":{"ContentRootIndex":0,"SubPath":"lib/jquery-validation/dist/localization/messages_pt_BR.js"},"Patterns":null},"messages_pt_BR.min.js":{"Children":null,"Asset":{"ContentRootIndex":0,"SubPath":"lib/jquery-validation/dist/localization/messages_pt_BR.min.js"},"Patterns":null},"messages_pt_BR.min.js.map":{"Children":null,"Asset":{"ContentRootIndex":0,"SubPath":"lib/jquery-validation/dist/localization/messages_pt_BR.min.js.map"},"Patterns":null},"messages_pt_PT.js":{"Children":null,"Asset":{"ContentRootIndex":0,"SubPath":"lib/jquery-validation/dist/localization/messages_pt_PT.js"},"Patterns":null},"messages_pt_PT.min.js":{"Children":null,"Asset":{"ContentRootIndex":0,"SubPath":"lib/jquery-validation/dist/localization/messages_pt_PT.min.js"},"Patterns":null},"messages_pt_PT.min.js.map":{"Children":null,"Asset":{"ContentRootIndex":0,"SubPath":"lib/jquery-validation/dist/localization/messages_pt_PT.min.js.map"},"Patterns":null},"messages_ro.js":{"Children":null,"Asset":{"ContentRootIndex":0,"SubPath":"lib/jquery-validation/dist/localization/messages_ro.js"},"Patterns":null},"messages_ro.min.js":{"Children":null,"Asset":{"ContentRootIndex":0,"SubPath":"lib/jquery-validation/dist/localization/messages_ro.min.js"},"Patterns":null},"messages_ro.min.js.map":{"Children":null,"Asset":{"ContentRootIndex":0,"SubPath":"lib/jquery-validation/dist/localization/messages_ro.min.js.map"},"Patterns":null},"messages_ru.js":{"Children":null,"Asset":{"ContentRootIndex":0,"SubPath":"lib/jquery-validation/dist/localization/messages_ru.js"},"Patterns":null},"messages_ru.min.js":{"Children":null,"Asset":{"ContentRootIndex":0,"SubPath":"lib/jquery-validation/dist/localization/messages_ru.min.js"},"Patterns":null},"messages_ru.min.js.map":{"Children":null,"Asset":{"ContentRootIndex":0,"SubPath":"lib/jquery-validation/dist/localization/messages_ru.min.js.map"},"Patterns":null},"messages_sd.js":{"Children":null,"Asset":{"ContentRootIndex":0,"SubPath":"lib/jquery-validation/dist/localization/messages_sd.js"},"Patterns":null},"messages_sd.min.js":{"Children":null,"Asset":{"ContentRootIndex":0,"SubPath":"lib/jquery-validation/dist/localization/messages_sd.min.js"},"Patterns":null},"messages_sd.min.js.map":{"Children":null,"Asset":{"ContentRootIndex":0,"SubPath":"lib/jquery-validation/dist/localization/messages_sd.min.js.map"},"Patterns":null},"messages_si.js":{"Children":null,"Asset":{"ContentRootIndex":0,"SubPath":"lib/jquery-validation/dist/localization/messages_si.js"},"Patterns":null},"messages_si.min.js":{"Children":null,"Asset":{"ContentRootIndex":0,"SubPath":"lib/jquery-validation/dist/localization/messages_si.min.js"},"Patterns":null},"messages_si.min.js.map":{"Children":null,"Asset":{"ContentRootIndex":0,"SubPath":"lib/jquery-validation/dist/localization/messages_si.min.js.map"},"Patterns":null},"messages_sk.js":{"Children":null,"Asset":{"ContentRootIndex":0,"SubPath":"lib/jquery-validation/dist/localization/messages_sk.js"},"Patterns":null},"messages_sk.min.js":{"Children":null,"Asset":{"ContentRootIndex":0,"SubPath":"lib/jquery-validation/dist/localization/messages_sk.min.js"},"Patterns":null},"messages_sk.min.js.map":{"Children":null,"Asset":{"ContentRootIndex":0,"SubPath":"lib/jquery-validation/dist/localization/messages_sk.min.js.map"},"Patterns":null},"messages_sl.js":{"Children":null,"Asset":{"ContentRootIndex":0,"SubPath":"lib/jquery-validation/dist/localization/messages_sl.js"},"Patterns":null},"messages_sl.min.js":{"Children":null,"Asset":{"ContentRootIndex":0,"SubPath":"lib/jquery-validation/dist/localization/messages_sl.min.js"},"Patterns":null},"messages_sl.min.js.map":{"Children":null,"Asset":{"ContentRootIndex":0,"SubPath":"lib/jquery-validation/dist/localization/messages_sl.min.js.map"},"Patterns":null},"messages_sr.js":{"Children":null,"Asset":{"ContentRootIndex":0,"SubPath":"lib/jquery-validation/dist/localization/messages_sr.js"},"Patterns":null},"messages_sr.min.js":{"Children":null,"Asset":{"ContentRootIndex":0,"SubPath":"lib/jquery-validation/dist/localization/messages_sr.min.js"},"Patterns":null},"messages_sr.min.js.map":{"Children":null,"Asset":{"ContentRootIndex":0,"SubPath":"lib/jquery-validation/dist/localization/messages_sr.min.js.map"},"Patterns":null},"messages_sr_lat.js":{"Children":null,"Asset":{"ContentRootIndex":0,"SubPath":"lib/jquery-validation/dist/localization/messages_sr_lat.js"},"Patterns":null},"messages_sr_lat.min.js":{"Children":null,"Asset":{"ContentRootIndex":0,"SubPath":"lib/jquery-validation/dist/localization/messages_sr_lat.min.js"},"Patterns":null},"messages_sr_lat.min.js.map":{"Children":null,"Asset":{"ContentRootIndex":0,"SubPath":"lib/jquery-validation/dist/localization/messages_sr_lat.min.js.map"},"Patterns":null},"messages_sv.js":{"Children":null,"Asset":{"ContentRootIndex":0,"SubPath":"lib/jquery-validation/dist/localization/messages_sv.js"},"Patterns":null},"messages_sv.min.js":{"Children":null,"Asset":{"ContentRootIndex":0,"SubPath":"lib/jquery-validation/dist/localization/messages_sv.min.js"},"Patterns":null},"messages_sv.min.js.map":{"Children":null,"Asset":{"ContentRootIndex":0,"SubPath":"lib/jquery-validation/dist/localization/messages_sv.min.js.map"},"Patterns":null},"messages_th.js":{"Children":null,"Asset":{"ContentRootIndex":0,"SubPath":"lib/jquery-validation/dist/localization/messages_th.js"},"Patterns":null},"messages_th.min.js":{"Children":null,"Asset":{"ContentRootIndex":0,"SubPath":"lib/jquery-validation/dist/localization/messages_th.min.js"},"Patterns":null},"messages_th.min.js.map":{"Children":null,"Asset":{"ContentRootIndex":0,"SubPath":"lib/jquery-validation/dist/localization/messages_th.min.js.map"},"Patterns":null},"messages_tj.js":{"Children":null,"Asset":{"ContentRootIndex":0,"SubPath":"lib/jquery-validation/dist/localization/messages_tj.js"},"Patterns":null},"messages_tj.min.js":{"Children":null,"Asset":{"ContentRootIndex":0,"SubPath":"lib/jquery-validation/dist/localization/messages_tj.min.js"},"Patterns":null},"messages_tj.min.js.map":{"Children":null,"Asset":{"ContentRootIndex":0,"SubPath":"lib/jquery-validation/dist/localization/messages_tj.min.js.map"},"Patterns":null},"messages_tr.js":{"Children":null,"Asset":{"ContentRootIndex":0,"SubPath":"lib/jquery-validation/dist/localization/messages_tr.js"},"Patterns":null},"messages_tr.min.js":{"Children":null,"Asset":{"ContentRootIndex":0,"SubPath":"lib/jquery-validation/dist/localization/messages_tr.min.js"},"Patterns":null},"messages_tr.min.js.map":{"Children":null,"Asset":{"ContentRootIndex":0,"SubPath":"lib/jquery-validation/dist/localization/messages_tr.min.js.map"},"Patterns":null},"messages_uk.js":{"Children":null,"Asset":{"ContentRootIndex":0,"SubPath":"lib/jquery-validation/dist/localization/messages_uk.js"},"Patterns":null},"messages_uk.min.js":{"Children":null,"Asset":{"ContentRootIndex":0,"SubPath":"lib/jquery-validation/dist/localization/messages_uk.min.js"},"Patterns":null},"messages_uk.min.js.map":{"Children":null,"Asset":{"ContentRootIndex":0,"SubPath":"lib/jquery-validation/dist/localization/messages_uk.min.js.map"},"Patterns":null},"messages_ur.js":{"Children":null,"Asset":{"ContentRootIndex":0,"SubPath":"lib/jquery-validation/dist/localization/messages_ur.js"},"Patterns":null},"messages_ur.min.js":{"Children":null,"Asset":{"ContentRootIndex":0,"SubPath":"lib/jquery-validation/dist/localization/messages_ur.min.js"},"Patterns":null},"messages_ur.min.js.map":{"Children":null,"Asset":{"ContentRootIndex":0,"SubPath":"lib/jquery-validation/dist/localization/messages_ur.min.js.map"},"Patterns":null},"messages_vi.js":{"Children":null,"Asset":{"ContentRootIndex":0,"SubPath":"lib/jquery-validation/dist/localization/messages_vi.js"},"Patterns":null},"messages_vi.min.js":{"Children":null,"Asset":{"ContentRootIndex":0,"SubPath":"lib/jquery-validation/dist/localization/messages_vi.min.js"},"Patterns":null},"messages_vi.min.js.map":{"Children":null,"Asset":{"ContentRootIndex":0,"SubPath":"lib/jquery-validation/dist/localization/messages_vi.min.js.map"},"Patterns":null},"messages_zh.js":{"Children":null,"Asset":{"ContentRootIndex":0,"SubPath":"lib/jquery-validation/dist/localization/messages_zh.js"},"Patterns":null},"messages_zh.min.js":{"Children":null,"Asset":{"ContentRootIndex":0,"SubPath":"lib/jquery-validation/dist/localization/messages_zh.min.js"},"Patterns":null},"messages_zh.min.js.map":{"Children":null,"Asset":{"ContentRootIndex":0,"SubPath":"lib/jquery-validation/dist/localization/messages_zh.min.js.map"},"Patterns":null},"messages_zh_TW.js":{"Children":null,"Asset":{"ContentRootIndex":0,"SubPath":"lib/jquery-validation/dist/localization/messages_zh_TW.js"},"Patterns":null},"messages_zh_TW.min.js":{"Children":null,"Asset":{"ContentRootIndex":0,"SubPath":"lib/jquery-validation/dist/localization/messages_zh_TW.min.js"},"Patterns":null},"messages_zh_TW.min.js.map":{"Children":null,"Asset":{"ContentRootIndex":0,"SubPath":"lib/jquery-validation/dist/localization/messages_zh_TW.min.js.map"},"Patterns":null},"methods_de.js":{"Children":null,"Asset":{"ContentRootIndex":0,"SubPath":"lib/jquery-validation/dist/localization/methods_de.js"},"Patterns":null},"methods_de.min.js":{"Children":null,"Asset":{"ContentRootIndex":0,"SubPath":"lib/jquery-validation/dist/localization/methods_de.min.js"},"Patterns":null},"methods_de.min.js.map":{"Children":null,"Asset":{"ContentRootIndex":0,"SubPath":"lib/jquery-validation/dist/localization/methods_de.min.js.map"},"Patterns":null},"methods_es_CL.js":{"Children":null,"Asset":{"ContentRootIndex":0,"SubPath":"lib/jquery-validation/dist/localization/methods_es_CL.js"},"Patterns":null},"methods_es_CL.min.js":{"Children":null,"Asset":{"ContentRootIndex":0,"SubPath":"lib/jquery-validation/dist/localization/methods_es_CL.min.js"},"Patterns":null},"methods_es_CL.min.js.map":{"Children":null,"Asset":{"ContentRootIndex":0,"SubPath":"lib/jquery-validation/dist/localization/methods_es_CL.min.js.map"},"Patterns":null},"methods_fi.js":{"Children":null,"Asset":{"ContentRootIndex":0,"SubPath":"lib/jquery-validation/dist/localization/methods_fi.js"},"Patterns":null},"methods_fi.min.js":{"Children":null,"Asset":{"ContentRootIndex":0,"SubPath":"lib/jquery-validation/dist/localization/methods_fi.min.js"},"Patterns":null},"methods_fi.min.js.map":{"Children":null,"Asset":{"ContentRootIndex":0,"SubPath":"lib/jquery-validation/dist/localization/methods_fi.min.js.map"},"Patterns":null},"methods_nl.js":{"Children":null,"Asset":{"ContentRootIndex":0,"SubPath":"lib/jquery-validation/dist/localization/methods_nl.js"},"Patterns":null},"methods_nl.min.js":{"Children":null,"Asset":{"ContentRootIndex":0,"SubPath":"lib/jquery-validation/dist/localization/methods_nl.min.js"},"Patterns":null},"methods_nl.min.js.map":{"Children":null,"Asset":{"ContentRootIndex":0,"SubPath":"lib/jquery-validation/dist/localization/methods_nl.min.js.map"},"Patterns":null},"methods_pt.js":{"Children":null,"Asset":{"ContentRootIndex":0,"SubPath":"lib/jquery-validation/dist/localization/methods_pt.js"},"Patterns":null},"methods_pt.min.js":{"Children":null,"Asset":{"ContentRootIndex":0,"SubPath":"lib/jquery-validation/dist/localization/methods_pt.min.js"},"Patterns":null},"methods_pt.min.js.map":{"Children":null,"Asset":{"ContentRootIndex":0,"SubPath":"lib/jquery-validation/dist/localization/methods_pt.min.js.map"},"Patterns":null}},"Asset":null,"Patterns":null}},"Asset":null,"Patterns":null},"LICENSE.md":{"Children":null,"Asset":{"ContentRootIndex":0,"SubPath":"lib/jquery-validation/LICENSE.md"},"Patterns":null}},"Asset":null,"Patterns":null},"jquery":{"Children":{"dist":{"Children":{"core.js":{"Children":null,"Asset":{"ContentRootIndex":0,"SubPath":"lib/jquery/dist/core.js"},"Patterns":null},"jquery.js":{"Children":null,"Asset":{"ContentRootIndex":0,"SubPath":"lib/jquery/dist/jquery.js"},"Patterns":null},"jquery.min.js":{"Children":null,"Asset":{"ContentRootIndex":0,"SubPath":"lib/jquery/dist/jquery.min.js"},"Patterns":null},"jquery.min.map":{"Children":null,"Asset":{"ContentRootIndex":0,"SubPath":"lib/jquery/dist/jquery.min.map"},"Patterns":null},"jquery.slim.js":{"Children":null,"Asset":{"ContentRootIndex":0,"SubPath":"lib/jquery/dist/jquery.slim.js"},"Patterns":null},"jquery.slim.min.js":{"Children":null,"Asset":{"ContentRootIndex":0,"SubPath":"lib/jquery/dist/jquery.slim.min.js"},"Patterns":null},"jquery.slim.min.map":{"Children":null,"Asset":{"ContentRootIndex":0,"SubPath":"lib/jquery/dist/jquery.slim.min.map"},"Patterns":null}},"Asset":null,"Patterns":null},"LICENSE.txt":{"Children":null,"Asset":{"ContentRootIndex":0,"SubPath":"lib/jquery/LICENSE.txt"},"Patterns":null}},"Asset":null,"Patterns":null}},"Asset":null,"Patterns":null}},"Asset":null,"Patterns":[{"ContentRootIndex":0,"Pattern":"**","Depth":0}]}}